label,epoch,field,n,mean,ci_half,run_arm
cardinality_bucket,1.0,epoch_time_s,5,0.4305108471948188,0.2670022668368889,fno
cardinality_bucket,1.0,train_loss,5,1.3713407981385966,0.025185402777955203,fno
cardinality_bucket,1.0,val_loss,5,1.268706094716862,0.09531831096009206,fno
cardinality_bucket,2.0,epoch_time_s,5,0.43029959840350784,0.2682312021832341,fno
cardinality_bucket,2.0,train_loss,5,1.012983745897716,0.09487173783698855,fno
cardinality_bucket,2.0,val_loss,5,0.8460830635138773,0.11839331207145996,fno
cardinality_bucket,3.0,epoch_time_s,5,0.42994048779364674,0.2685935399824596,fno
cardinality_bucket,3.0,train_loss,5,0.7260449503229492,0.038852189761369366,fno
cardinality_bucket,3.0,val_loss,5,0.6284864769014635,0.024128913018613803,fno
cardinality_bucket,4.0,epoch_time_s,5,0.31227073799818755,0.06244812822970649,fno
cardinality_bucket,4.0,train_loss,5,0.5203181155439234,0.034139081060240974,fno
cardinality_bucket,4.0,val_loss,5,0.5102966794508004,0.061693525861741066,fno
cardinality_bucket,5.0,epoch_time_s,5,0.3631280980014708,0.13870129425294725,fno
cardinality_bucket,5.0,train_loss,5,0.41273123898325925,0.0448156211458433,fno
cardinality_bucket,5.0,val_loss,5,0.4242844350149254,0.05254305419965076,fno
cardinality_bucket,6.0,epoch_time_s,5,0.31147592641063965,0.06406289597396823,fno
cardinality_bucket,6.0,train_loss,5,0.30177296855631025,0.044730328363762235,fno
cardinality_bucket,6.0,val_loss,5,0.31809084330572324,0.043106094910902865,fno
cardinality_bucket,7.0,epoch_time_s,5,0.3736364086042158,0.15943189672932834,fno
cardinality_bucket,7.0,train_loss,5,0.2182709358982152,0.0380999266030253,fno
cardinality_bucket,7.0,val_loss,5,0.24643938966074383,0.03388241333215469,fno
cardinality_bucket,8.0,epoch_time_s,5,0.31231137879076415,0.062356987370830154,fno
cardinality_bucket,8.0,train_loss,5,0.1729221187814158,0.03512084974053026,fno
cardinality_bucket,8.0,val_loss,5,0.2341348461931161,0.03307678367029423,fno
cardinality_bucket,9.0,epoch_time_s,5,0.3118177536001895,0.06296037407454898,fno
cardinality_bucket,9.0,train_loss,5,0.14227484403987692,0.02871554242314136,fno
cardinality_bucket,9.0,val_loss,5,0.23096399189374806,0.06728834252710462,fno
cardinality_bucket,10.0,epoch_time_s,5,0.3119832267984748,0.06467143914385969,fno
cardinality_bucket,10.0,train_loss,5,0.11388798342751896,0.03442139126078229,fno
cardinality_bucket,10.0,val_loss,5,0.21729843619833536,0.06045145239796382,fno
cardinality_bucket,11.0,epoch_time_s,5,0.31340202600113115,0.06473834197984961,fno
cardinality_bucket,11.0,train_loss,5,0.09242914942359297,0.015124517388488381,fno
cardinality_bucket,11.0,val_loss,5,0.1573736139366899,0.04191035955655857,fno
cardinality_bucket,12.0,epoch_time_s,5,0.31136757959611716,0.06395588060610902,fno
cardinality_bucket,12.0,train_loss,5,0.09150806452426877,0.01863266879159137,fno
cardinality_bucket,12.0,val_loss,5,0.17855588522870636,0.010777384184708205,fno
cardinality_bucket,13.0,epoch_time_s,5,0.3992047166102566,0.2011069706337115,fno
cardinality_bucket,13.0,train_loss,5,0.07055507907315425,0.015956815556636333,fno
cardinality_bucket,13.0,val_loss,5,0.14098176853155367,0.011597209090383672,fno
cardinality_bucket,14.0,epoch_time_s,5,0.3114570127858315,0.06439470049004874,fno
cardinality_bucket,14.0,train_loss,5,0.05870761896450936,0.008562072917806257,fno
cardinality_bucket,14.0,val_loss,5,0.17547756213448978,0.06018080940759194,fno
cardinality_bucket,15.0,epoch_time_s,5,0.3120425709988922,0.06395104209286805,fno
cardinality_bucket,15.0,train_loss,5,0.06376739056236906,0.03117842347727241,fno
cardinality_bucket,15.0,val_loss,5,0.15720888738856026,0.03306626827777756,fno
cardinality_bucket,16.0,epoch_time_s,5,0.3945729838043917,0.19583932038118765,fno
cardinality_bucket,16.0,train_loss,5,0.05848900970391944,0.03670882859836238,fno
cardinality_bucket,16.0,val_loss,5,0.18177108826785893,0.04796514850901979,fno
coordination,1.0,epoch_time_s,5,0.32853155059274286,0.08221212624723641,fno
coordination,1.0,train_loss,5,0.25977051312903765,0.016603994439347614,fno
coordination,1.0,val_loss,5,0.20710252873076693,0.0011803251115945514,fno
coordination,2.0,epoch_time_s,5,0.31340571920154614,0.06554347504082002,fno
coordination,2.0,train_loss,5,0.206621965273523,0.0034567348312368033,fno
coordination,2.0,val_loss,5,0.2067498623996634,0.003997100492456043,fno
coordination,3.0,epoch_time_s,5,0.31162150879972617,0.0645081636424878,fno
coordination,3.0,train_loss,5,0.2032675907304898,0.0036746305359209907,fno
coordination,3.0,val_loss,5,0.2048673666697197,0.0027247501016007835,fno
coordination,4.0,epoch_time_s,5,0.3159999649913516,0.0586759772385187,fno
coordination,4.0,train_loss,5,0.20118284708069406,0.004259423235502411,fno
coordination,4.0,val_loss,5,0.20475201508824462,0.0023939582702754247,fno
coordination,5.0,epoch_time_s,5,0.31465492239804005,0.06553005902572567,fno
coordination,5.0,train_loss,5,0.19879973804361767,0.003890965473014103,fno
coordination,5.0,val_loss,5,0.20214704891278404,0.002314615089682307,fno
coordination,6.0,epoch_time_s,5,0.40021443080040625,0.2178874797991577,fno
coordination,6.0,train_loss,5,0.1962855723826684,0.0042560445640139844,fno
coordination,6.0,val_loss,5,0.20433478930505547,0.003736130123032352,fno
coordination,7.0,epoch_time_s,5,0.3078013813996222,0.05438711214458985,fno
coordination,7.0,train_loss,5,0.19412856460855205,0.0034743726569426525,fno
coordination,7.0,val_loss,5,0.20174527903209172,0.004041058033133861,fno
coordination,8.0,epoch_time_s,5,0.30683781479601746,0.054944184734099566,fno
coordination,8.0,train_loss,5,0.1916740115500098,0.003114532615150049,fno
coordination,8.0,val_loss,5,0.2044328683031344,0.0056417995384224345,fno
coordination,9.0,epoch_time_s,5,0.30653203440015203,0.05558607833041483,fno
coordination,9.0,train_loss,5,0.190310864112317,0.0037587702683670324,fno
coordination,9.0,val_loss,5,0.20150436293670357,0.005340993917962088,fno
coordination,10.0,epoch_time_s,5,0.35503112580045126,0.13403089203774596,fno
coordination,10.0,train_loss,5,0.18715613765661407,0.001949976156749573,fno
coordination,10.0,val_loss,5,0.2029189848706338,0.005478184834576012,fno
coordination,11.0,epoch_time_s,5,0.4660009930084925,0.3476221637095353,fno
coordination,11.0,train_loss,5,0.18497067407097348,0.0019316021803518532,fno
coordination,11.0,val_loss,5,0.20368208653934036,0.006577087937351214,fno
coordination,12.0,epoch_time_s,5,0.30672944379621186,0.05550747912129011,fno
coordination,12.0,train_loss,5,0.18176589207768673,0.0012569155596559537,fno
coordination,12.0,val_loss,5,0.20353772892304822,0.008563275290828117,fno
coordination,13.0,epoch_time_s,5,0.3655642620055005,0.14871560830212807,fno
coordination,13.0,train_loss,5,0.17972286743444799,0.0019431748318108,fno
coordination,13.0,val_loss,5,0.20301678935814543,0.010576781165198262,fno
coordination,14.0,epoch_time_s,5,0.3157666857994627,0.06856463823569527,fno
coordination,14.0,train_loss,5,0.17735669547806351,0.002604790524736738,fno
coordination,14.0,val_loss,5,0.20552924109757048,0.00794663293301851,fno
coordination,15.0,epoch_time_s,5,0.31423309741076083,0.0653730340813122,fno
coordination,15.0,train_loss,5,0.17529652181216168,0.002136135098903137,fno
coordination,15.0,val_loss,5,0.20205555153165813,0.006877177141657124,fno
coordination,16.0,epoch_time_s,5,0.31553966079954987,0.06656864412844755,fno
coordination,16.0,train_loss,5,0.17269603457791458,0.003315075616897044,fno
coordination,16.0,val_loss,5,0.20492238207579433,0.0075273842105823,fno
current_burstiness,1.0,epoch_time_s,5,0.30808609559899197,0.055309458527985314,fno
current_burstiness,1.0,train_loss,5,12112227402318.965,2845808817609.9297,fno
current_burstiness,1.0,val_loss,5,12783582642670.318,3981900366603.1333,fno
current_burstiness,2.0,epoch_time_s,5,0.3152884466049727,0.053319306975593644,fno
current_burstiness,2.0,train_loss,5,12233573525679.072,2929787122921.271,fno
current_burstiness,2.0,val_loss,5,12782538773557.742,3981539084382.0815,fno
current_burstiness,3.0,epoch_time_s,5,0.3556189285998698,0.1301400751375793,fno
current_burstiness,3.0,train_loss,5,12131022329383.672,2888412586269.515,fno
current_burstiness,3.0,val_loss,5,12765921528121.693,3977011901943.6763,fno
current_burstiness,4.0,epoch_time_s,5,0.30577883779187687,0.05739285761914586,fno
current_burstiness,4.0,train_loss,5,12065725045691.31,2817138219132.445,fno
current_burstiness,4.0,val_loss,5,12663332265063.104,3947107300660.8794,fno
current_burstiness,5.0,epoch_time_s,5,0.3070662811980583,0.056193598779993116,fno
current_burstiness,5.0,train_loss,5,11856862620171.7,2858703483993.9023,fno
current_burstiness,5.0,val_loss,5,12401144651561.479,3901120841204.8447,fno
current_burstiness,6.0,epoch_time_s,5,0.30746479019289835,0.05589638706331416,fno
current_burstiness,6.0,train_loss,5,11502259407190.996,2767128347236.8555,fno
current_burstiness,6.0,val_loss,5,12152700998296.748,3874873508333.0815,fno
current_burstiness,7.0,epoch_time_s,5,0.43293398878886363,0.2835581219665456,fno
current_burstiness,7.0,train_loss,5,11320344481288.012,2828363352151.586,fno
current_burstiness,7.0,val_loss,5,12067289943534.232,3834936695975.86,fno
current_burstiness,8.0,epoch_time_s,5,0.37992432540049775,0.18203904789854986,fno
current_burstiness,8.0,train_loss,5,11021233613085.021,2695794239166.57,fno
current_burstiness,8.0,val_loss,5,12014047482639.77,3810046140699.197,fno
current_burstiness,9.0,epoch_time_s,5,0.33324330901377835,0.09681895503223013,fno
current_burstiness,9.0,train_loss,5,10982959396183.627,2616575374655.7417,fno
current_burstiness,9.0,val_loss,5,11977681848008.615,3792221848970.896,fno
current_burstiness,10.0,epoch_time_s,5,0.3173674527963158,0.05131584534167604,fno
current_burstiness,10.0,train_loss,5,10806289958178.734,2660709478232.7065,fno
current_burstiness,10.0,val_loss,5,11944598613051.98,3782361170231.2246,fno
current_burstiness,11.0,epoch_time_s,5,0.32946736800367943,0.08483458139259097,fno
current_burstiness,11.0,train_loss,5,10791354891834.316,2584820647791.065,fno
current_burstiness,11.0,val_loss,5,11906201948616.385,3774044899092.7437,fno
current_burstiness,12.0,epoch_time_s,5,0.3073817441938445,0.056230859875036045,fno
current_burstiness,12.0,train_loss,5,10699267134246.787,2640745124593.194,fno
current_burstiness,12.0,val_loss,5,11868840885593.064,3754763131864.2163,fno
current_burstiness,13.0,epoch_time_s,5,0.3157604280044325,0.0666086907390538,fno
current_burstiness,13.0,train_loss,5,10521645287411.152,2650047832088.0063,fno
current_burstiness,13.0,val_loss,5,11836648404665.559,3741637661408.5117,fno
current_burstiness,14.0,epoch_time_s,5,0.3476232223969419,0.12016944837979737,fno
current_burstiness,14.0,train_loss,5,10427142259140.98,2643138513355.0464,fno
current_burstiness,14.0,val_loss,5,11797199139531.525,3734016314714.31,fno
current_burstiness,15.0,epoch_time_s,5,0.30853217839612623,0.05578310526636383,fno
current_burstiness,15.0,train_loss,5,10320162164738.105,2655756958486.6675,fno
current_burstiness,15.0,val_loss,5,11763911764138.496,3721209318989.6704,fno
current_burstiness,16.0,epoch_time_s,5,0.43554853839450514,0.287790012799111,fno
current_burstiness,16.0,train_loss,5,10215342967515.355,2657388125266.4385,fno
current_burstiness,16.0,val_loss,5,11735004136181.145,3714625380837.69,fno
current_sparsity,1.0,epoch_time_s,5,0.499284379609162,0.2590149836072914,fno
current_sparsity,1.0,train_loss,5,0.0121589693101757,0.00774715267289214,fno
current_sparsity,1.0,val_loss,5,0.0044789803583546745,0.003091047439167411,fno
current_sparsity,2.0,epoch_time_s,5,0.46469654380343856,0.3515540227869195,fno
current_sparsity,2.0,train_loss,5,0.011260839930297667,0.006716331835075307,fno
current_sparsity,2.0,val_loss,5,0.00462150331944274,0.0029403334944623147,fno
current_sparsity,3.0,epoch_time_s,5,0.42211468220339154,0.2696157279303541,fno
current_sparsity,3.0,train_loss,5,0.011398854769697164,0.006568097881844148,fno
current_sparsity,3.0,val_loss,5,0.004552872097338104,0.0030236285517109725,fno
current_sparsity,4.0,epoch_time_s,5,0.4233531672041863,0.27266711655500103,fno
current_sparsity,4.0,train_loss,5,0.011236948990670893,0.006457356887436459,fno
current_sparsity,4.0,val_loss,5,0.0045403497075729386,0.0029648255058276674,fno
current_sparsity,5.0,epoch_time_s,5,0.3058480424049776,0.05911373181957446,fno
current_sparsity,5.0,train_loss,5,0.010946490789403861,0.0064065906678397,fno
current_sparsity,5.0,val_loss,5,0.0046450705499234265,0.002892568355098597,fno
current_sparsity,6.0,epoch_time_s,5,0.3337988708051853,0.10194675707090568,fno
current_sparsity,6.0,train_loss,5,0.01051480719554148,0.005935598716152639,fno
current_sparsity,6.0,val_loss,5,0.004854832020816245,0.0025505854180112087,fno
current_sparsity,7.0,epoch_time_s,5,0.31535839099669827,0.07172812203811173,fno
current_sparsity,7.0,train_loss,5,0.009701272680412317,0.005002268080605289,fno
current_sparsity,7.0,val_loss,5,0.007006454701563783,0.0029015023959206958,fno
current_sparsity,8.0,epoch_time_s,5,0.31302267559221947,0.06818052214387799,fno
current_sparsity,8.0,train_loss,5,0.00919566189747851,0.0045069998916550304,fno
current_sparsity,8.0,val_loss,5,0.0058965931434522886,0.0017807055326785643,fno
current_sparsity,9.0,epoch_time_s,5,0.3247064752038568,0.08568675041481282,fno
current_sparsity,9.0,train_loss,5,0.008544703875900273,0.0038716544783612724,fno
current_sparsity,9.0,val_loss,5,0.005806079342533674,0.0024757095859195676,fno
current_sparsity,10.0,epoch_time_s,5,0.30567496140138245,0.058455418515279,fno
current_sparsity,10.0,train_loss,5,0.007889280224269745,0.0032013555921550584,fno
current_sparsity,10.0,val_loss,5,0.005365822130897045,0.0019124526781809713,fno
current_sparsity,11.0,epoch_time_s,5,0.3190627740055788,0.07797562187838258,fno
current_sparsity,11.0,train_loss,5,0.007518564473416034,0.0030425332725935927,fno
current_sparsity,11.0,val_loss,5,0.006104995116628097,0.001646354272619112,fno
current_sparsity,12.0,epoch_time_s,5,0.3607379847904667,0.15011407414365585,fno
current_sparsity,12.0,train_loss,5,0.007173055418208636,0.0028347616219374944,fno
current_sparsity,12.0,val_loss,5,0.005722741508857475,0.0016445156877292087,fno
current_sparsity,13.0,epoch_time_s,5,0.4922170232108328,0.40292091695177384,fno
current_sparsity,13.0,train_loss,5,0.006719678232183337,0.002497234836663845,fno
current_sparsity,13.0,val_loss,5,0.00552733512954923,0.001455751335497736,fno
current_sparsity,14.0,epoch_time_s,5,0.33813272060942834,0.11101187172253377,fno
current_sparsity,14.0,train_loss,5,0.006237930242753079,0.0022638077506650454,fno
current_sparsity,14.0,val_loss,5,0.006053527468108425,0.001389182450444574,fno
current_sparsity,15.0,epoch_time_s,5,0.3626314536028076,0.15421301838633464,fno
current_sparsity,15.0,train_loss,5,0.005887448463473925,0.0022850135029448943,fno
current_sparsity,15.0,val_loss,5,0.005310766198163455,0.0017163356955859504,fno
current_sparsity,16.0,epoch_time_s,5,0.30637694519245995,0.05979697263507024,fno
current_sparsity,16.0,train_loss,5,0.005656851256044317,0.0020799257533160483,fno
current_sparsity,16.0,val_loss,5,0.005653318503472331,0.001300952537522326,fno
domain,1.0,epoch_time_s,5,0.30478867060155607,0.11515439536042767,fno
domain,1.0,train_loss,5,1.1005182970708538,0.0014757613665088572,fno
domain,1.0,val_loss,5,1.0955529652137412,0.004668296511555281,fno
domain,2.0,epoch_time_s,5,0.2800558634102345,0.09296861485390845,fno
domain,2.0,train_loss,5,1.0972129938979212,0.0013321400810860503,fno
domain,2.0,val_loss,5,1.0889124922335407,0.004764698386264976,fno
domain,3.0,epoch_time_s,5,0.2553484897944145,0.05406852913213353,fno
domain,3.0,train_loss,5,1.0887775223192324,0.008695286665999377,fno
domain,3.0,val_loss,5,1.0872625386388364,0.007034684140370206,fno
domain,4.0,epoch_time_s,5,0.26257246199529616,0.06413291722420184,fno
domain,4.0,train_loss,5,1.0778032643042974,0.010529042030067427,fno
domain,4.0,val_loss,5,1.0901371593457285,0.01135769198071834,fno
domain,5.0,epoch_time_s,5,0.25921292540733704,0.06107341468262736,fno
domain,5.0,train_loss,5,1.066207936967943,0.010786774411949142,fno
domain,5.0,val_loss,5,1.0898635012038833,0.01053395078019054,fno
domain,6.0,epoch_time_s,5,0.35052238140488046,0.22101003432164176,fno
domain,6.0,train_loss,5,1.0512356952425423,0.015895311234881658,fno
domain,6.0,val_loss,5,1.1042973755642715,0.011426109280590124,fno
domain,7.0,epoch_time_s,5,0.2541133883991279,0.05293487946937677,fno
domain,7.0,train_loss,5,1.039560972920486,0.025686611694587008,fno
domain,7.0,val_loss,5,1.1188818093404294,0.03413059892444834,fno
domain,8.0,epoch_time_s,5,0.2545398318034131,0.05457316895183185,fno
domain,8.0,train_loss,5,1.0200564761509803,0.029432516230702258,fno
domain,8.0,val_loss,5,1.138524945069707,0.03640381358125947,fno
domain,9.0,epoch_time_s,5,0.2550973033998162,0.053822865585682445,fno
domain,9.0,train_loss,5,1.0034375844010963,0.03284030740501477,fno
domain,9.0,val_loss,5,1.15112079760195,0.0592485320282403,fno
domain,10.0,epoch_time_s,5,0.2574547387950588,0.052629565002791256,fno
domain,10.0,train_loss,5,0.990484027874585,0.03170755695591508,fno
domain,10.0,val_loss,5,1.186838436661302,0.05859898979300279,fno
domain,11.0,epoch_time_s,5,0.2543553457944654,0.05360785107619071,fno
domain,11.0,train_loss,5,0.9698599863505011,0.02922035968314513,fno
domain,11.0,val_loss,5,1.2208228725087515,0.06527430522166411,fno
domain,12.0,epoch_time_s,5,0.25450939500005915,0.05252261059445572,fno
domain,12.0,train_loss,5,0.9487074237105879,0.02155063090125422,fno
domain,12.0,val_loss,5,1.2384249748184815,0.06567798482072897,fno
domain,13.0,epoch_time_s,5,0.25392665739636866,0.053059687901888294,fno
domain,13.0,train_loss,5,0.9258767230519753,0.023124553737110563,fno
domain,13.0,val_loss,5,1.3123849390804632,0.08193980548320555,fno
domain,14.0,epoch_time_s,5,0.3600937755953055,0.24333355850235636,fno
domain,14.0,train_loss,5,0.9113772558144122,0.02558819462169376,fno
domain,14.0,val_loss,5,1.3327160788329417,0.07940261477338297,fno
domain,15.0,epoch_time_s,5,0.4096715501975268,0.33615170187310184,fno
domain,15.0,train_loss,5,0.8917517064230995,0.02741860031901124,fno
domain,15.0,val_loss,5,1.377773184944446,0.10275774419118595,fno
domain,16.0,epoch_time_s,5,0.3409443300100975,0.2068714601365588,fno
domain,16.0,train_loss,5,0.8871826364449238,0.042288591972645805,fno
domain,16.0,val_loss,5,1.4292547179587374,0.09788623571055348,fno
frequency_bucket,1.0,epoch_time_s,5,0.33032246520160696,0.06383495172860984,fno
frequency_bucket,1.0,train_loss,5,0.9059201601945244,0.012117447392041425,fno
frequency_bucket,1.0,val_loss,5,0.6901430543626652,0.016935136434522675,fno
frequency_bucket,2.0,epoch_time_s,5,0.31182530579390005,0.06373668394000281,fno
frequency_bucket,2.0,train_loss,5,0.7002929538797518,0.004083417239459938,fno
frequency_bucket,2.0,val_loss,5,0.6841631247942911,0.0030431678413953846,fno
frequency_bucket,3.0,epoch_time_s,5,0.3884314508119132,0.1585459073268811,fno
frequency_bucket,3.0,train_loss,5,0.6962813723221812,0.005099466026034892,fno
frequency_bucket,3.0,val_loss,5,0.6822186931045038,0.002813928975431285,fno
frequency_bucket,4.0,epoch_time_s,5,0.5298063299967908,0.4197551310723129,fno
frequency_bucket,4.0,train_loss,5,0.6927305198840108,0.0036019689697705357,fno
frequency_bucket,4.0,val_loss,5,0.6832768497389733,0.0045376140237221455,fno
frequency_bucket,5.0,epoch_time_s,5,0.5841537541942671,0.4227282900254102,fno
frequency_bucket,5.0,train_loss,5,0.6900899787095913,0.003001484963209859,fno
frequency_bucket,5.0,val_loss,5,0.6804869487202831,0.003188107530172427,fno
frequency_bucket,6.0,epoch_time_s,5,0.5143879794050008,0.40848978302440425,fno
frequency_bucket,6.0,train_loss,5,0.6806288889552181,0.007393511916204585,fno
frequency_bucket,6.0,val_loss,5,0.6887089992321861,0.009484912536522148,fno
frequency_bucket,7.0,epoch_time_s,5,0.6155940614000428,0.44283521997012043,fno
frequency_bucket,7.0,train_loss,5,0.6687854440794302,0.02196748315796783,fno
frequency_bucket,7.0,val_loss,5,0.6997234801673667,0.016746507331307413,fno
frequency_bucket,8.0,epoch_time_s,5,0.49606315679848195,0.4132183375090694,fno
frequency_bucket,8.0,train_loss,5,0.6474789767115616,0.027084009371584682,fno
frequency_bucket,8.0,val_loss,5,0.6977931433752476,0.03716059789404918,fno
frequency_bucket,9.0,epoch_time_s,5,0.4985103606071789,0.4122318528785272,fno
frequency_bucket,9.0,train_loss,5,0.6256049120965456,0.030689747797251355,fno
frequency_bucket,9.0,val_loss,5,0.7304957990228013,0.07716054256810413,fno
frequency_bucket,10.0,epoch_time_s,5,0.5043485956033692,0.4099262447108184,fno
frequency_bucket,10.0,train_loss,5,0.6075312350324068,0.030721918259122957,fno
frequency_bucket,10.0,val_loss,5,0.7810496958828219,0.1395707759907936,fno
frequency_bucket,11.0,epoch_time_s,5,0.5141018212016206,0.4080887904428958,fno
frequency_bucket,11.0,train_loss,5,0.5871253147360973,0.0335865407455647,fno
frequency_bucket,11.0,val_loss,5,0.7980820376667699,0.1546231090799185,fno
frequency_bucket,12.0,epoch_time_s,5,0.4974065312067978,0.41246690542657705,fno
frequency_bucket,12.0,train_loss,5,0.5743746926258199,0.02939705218922919,fno
frequency_bucket,12.0,val_loss,5,0.7740177043354287,0.12842854506484525,fno
frequency_bucket,13.0,epoch_time_s,5,0.7922559216036461,0.6765733002012113,fno
frequency_bucket,13.0,train_loss,5,0.558364923719741,0.027214509025358918,fno
frequency_bucket,13.0,val_loss,5,0.8153648044716979,0.16985657477945446,fno
frequency_bucket,14.0,epoch_time_s,5,0.4549324834020808,0.3136933514862218,fno
frequency_bucket,14.0,train_loss,5,0.5493744471535053,0.02707044299857528,fno
frequency_bucket,14.0,val_loss,5,0.876290930707565,0.23762527665519506,fno
frequency_bucket,15.0,epoch_time_s,5,0.31663083839812317,0.07211168791583705,fno
frequency_bucket,15.0,train_loss,5,0.5379754001029697,0.021046581529103648,fno
frequency_bucket,15.0,val_loss,5,0.8917477445404502,0.21458590652299767,fno
frequency_bucket,16.0,epoch_time_s,5,0.31812413259176536,0.07217667345642957,fno
frequency_bucket,16.0,train_loss,5,0.5287927530572556,0.014795039007663636,fno
frequency_bucket,16.0,val_loss,5,0.9124679111857275,0.23103679001183647,fno
future_burstiness,1.0,epoch_time_s,5,0.371069791802438,0.16086404283100328,fno
future_burstiness,1.0,train_loss,5,16294392591120.266,4461516117850.938,fno
future_burstiness,1.0,val_loss,5,18069616370847.51,9573946018594.57,fno
future_burstiness,2.0,epoch_time_s,5,0.30586577219655736,0.05706815046014344,fno
future_burstiness,2.0,train_loss,5,16363220161782.65,4440951079895.907,fno
future_burstiness,2.0,val_loss,5,18068745804332.14,9573474838489.953,fno
future_burstiness,3.0,epoch_time_s,5,0.3055866664042696,0.0571862340060572,fno
future_burstiness,3.0,train_loss,5,16329863858287.36,4423002473573.429,fno
future_burstiness,3.0,val_loss,5,18053958463125.48,9568235007453.127,fno
future_burstiness,4.0,epoch_time_s,5,0.31713826779741794,0.07073125631469383,fno
future_burstiness,4.0,train_loss,5,16264229961453.834,4437756737124.866,fno
future_burstiness,4.0,val_loss,5,17959138790347.004,9537446462850.639,fno
future_burstiness,5.0,epoch_time_s,5,0.30675442739739084,0.05769658197040706,fno
future_burstiness,5.0,train_loss,5,16664312791662.64,4584716935646.839,fno
future_burstiness,5.0,val_loss,5,17695325915220.15,9464909600454.555,fno
future_burstiness,6.0,epoch_time_s,5,0.3124189313966781,0.06353252453662606,fno
future_burstiness,6.0,train_loss,5,15665854296714.723,4478539210802.861,fno
future_burstiness,6.0,val_loss,5,17344006358321.027,9322866995598.27,fno
future_burstiness,7.0,epoch_time_s,5,0.3125643303967081,0.05336608613104167,fno
future_burstiness,7.0,train_loss,5,15282250951764.082,4460832208632.747,fno
future_burstiness,7.0,val_loss,5,17125277197096.285,9229630060993.682,fno
future_burstiness,8.0,epoch_time_s,5,0.3112862816080451,0.05976662910667677,fno
future_burstiness,8.0,train_loss,5,15103800370607.172,4306769694490.519,fno
future_burstiness,8.0,val_loss,5,17030144649835.074,9186022130665.426,fno
future_burstiness,9.0,epoch_time_s,5,0.3068123027915135,0.056544928036038986,fno
future_burstiness,9.0,train_loss,5,14951311757377.963,4232162577114.946,fno
future_burstiness,9.0,val_loss,5,16975125550445.137,9124108688447.4,fno
future_burstiness,10.0,epoch_time_s,5,0.3062863237981219,0.05676240974456336,fno
future_burstiness,10.0,train_loss,5,14666766031986.441,4198678737648.517,fno
future_burstiness,10.0,val_loss,5,16932109494666.396,9110185719160.824,fno
future_burstiness,11.0,epoch_time_s,5,0.3054856220027432,0.057020828490752344,fno
future_burstiness,11.0,train_loss,5,14543399179775.928,4138527501128.571,fno
future_burstiness,11.0,val_loss,5,16902812878831.45,9084978231900.521,fno
future_burstiness,12.0,epoch_time_s,5,0.30524887279607354,0.05738229877903686,fno
future_burstiness,12.0,train_loss,5,14377505365528.176,4099266788723.373,fno
future_burstiness,12.0,val_loss,5,16880033106102.979,9060330997625.55,fno
future_burstiness,13.0,epoch_time_s,5,0.30688446679268966,0.0570973036348927,fno
future_burstiness,13.0,train_loss,5,14244266853624.021,4053544583836.307,fno
future_burstiness,13.0,val_loss,5,16846468665128.562,9034935063868.611,fno
future_burstiness,14.0,epoch_time_s,5,0.42861913179513067,0.2758497221316728,fno
future_burstiness,14.0,train_loss,5,14107771317810.223,4001007807957.467,fno
future_burstiness,14.0,val_loss,5,16811727665514.322,9019365355301.836,fno
future_burstiness,15.0,epoch_time_s,5,0.3150835018081125,0.06812524108646689,fno
future_burstiness,15.0,train_loss,5,13956395666819.799,3965038343051.0947,fno
future_burstiness,15.0,val_loss,5,16795130232770.895,9013675384296.316,fno
future_burstiness,16.0,epoch_time_s,5,0.3141862969961949,0.06586841167676605,fno
future_burstiness,16.0,train_loss,5,13797329418004.762,3901328738118.181,fno
future_burstiness,16.0,val_loss,5,16757588833246.432,9001315617698.006,fno
future_sparsity,1.0,epoch_time_s,5,0.39457232019049115,0.16975747879150943,fno
future_sparsity,1.0,train_loss,5,0.012159015699731615,0.007747172606301627,fno
future_sparsity,1.0,val_loss,5,0.004478339338361605,0.0030897733235509877,fno
future_sparsity,2.0,epoch_time_s,5,0.3213629588019103,0.07694316667417293,fno
future_sparsity,2.0,train_loss,5,0.011260899450869898,0.006716358820107688,fno
future_sparsity,2.0,val_loss,5,0.004620860961383461,0.0029390203287989578,fno
future_sparsity,3.0,epoch_time_s,5,0.3078386294073425,0.05722507330229943,fno
future_sparsity,3.0,train_loss,5,0.011398884919027134,0.006568164007532126,fno
future_sparsity,3.0,val_loss,5,0.004552193421920281,0.003022184428790078,fno
future_sparsity,4.0,epoch_time_s,5,0.3108595514146145,0.05448567393911595,fno
future_sparsity,4.0,train_loss,5,0.011237096910634688,0.006457393577363824,fno
future_sparsity,4.0,val_loss,5,0.0045397235537579395,0.002963480928240148,fno
future_sparsity,5.0,epoch_time_s,5,0.30828574459883384,0.056466443056875794,fno
future_sparsity,5.0,train_loss,5,0.010946684513614535,0.006406669783259742,fno
future_sparsity,5.0,val_loss,5,0.004644339059618146,0.0028913405619408867,fno
future_sparsity,6.0,epoch_time_s,5,0.30682107020402327,0.05711309754093594,fno
future_sparsity,6.0,train_loss,5,0.010514994038201006,0.0059355931640688,fno
future_sparsity,6.0,val_loss,5,0.004854296147490143,0.002549323698463643,fno
future_sparsity,7.0,epoch_time_s,5,0.30602176539832726,0.05655335059986278,fno
future_sparsity,7.0,train_loss,5,0.009701634546363747,0.005002054954850199,fno
future_sparsity,7.0,val_loss,5,0.007005008141239807,0.002901685853816523,fno
future_sparsity,8.0,epoch_time_s,5,0.37529914600308983,0.14950192754579833,fno
future_sparsity,8.0,train_loss,5,0.009195849821689228,0.004506675122313896,fno
future_sparsity,8.0,val_loss,5,0.0058955506558670615,0.001777942651537132,fno
future_sparsity,9.0,epoch_time_s,5,0.3054810539993923,0.057601753379338816,fno
future_sparsity,9.0,train_loss,5,0.008544202992560113,0.003871441212182384,fno
future_sparsity,9.0,val_loss,5,0.005803205092869793,0.002471630721346453,fno
future_sparsity,10.0,epoch_time_s,5,0.3211727374000475,0.07988746321375155,fno
future_sparsity,10.0,train_loss,5,0.007887281608067988,0.0032029250891133366,fno
future_sparsity,10.0,val_loss,5,0.005364758625107614,0.0019081425956937266,fno
future_sparsity,11.0,epoch_time_s,5,0.31245098760118706,0.0652908269690876,fno
future_sparsity,11.0,train_loss,5,0.007523244938807357,0.0030385375138249635,fno
future_sparsity,11.0,val_loss,5,0.006111350020911148,0.001637358973564869,fno
future_sparsity,12.0,epoch_time_s,5,0.31250101919285955,0.06546322508863944,fno
future_sparsity,12.0,train_loss,5,0.007148676383492984,0.00280121545179725,fno
future_sparsity,12.0,val_loss,5,0.005703405390766586,0.001640515828872674,fno
future_sparsity,13.0,epoch_time_s,5,0.30643805919680744,0.05889852984735624,fno
future_sparsity,13.0,train_loss,5,0.006635554649105616,0.002546168817476317,fno
future_sparsity,13.0,val_loss,5,0.0054455178370772985,0.0015135102922690371,fno
future_sparsity,14.0,epoch_time_s,5,0.3797423883981537,0.18241813315252103,fno
future_sparsity,14.0,train_loss,5,0.0062439970310805585,0.0022763779100925673,fno
future_sparsity,14.0,val_loss,5,0.0061690473387475955,0.001233596148674589,fno
future_sparsity,15.0,epoch_time_s,5,0.4157500162080396,0.2516857836927608,fno
future_sparsity,15.0,train_loss,5,0.005851082220236597,0.002276648035287404,fno
future_sparsity,15.0,val_loss,5,0.005158081109332407,0.0019314198420629246,fno
future_sparsity,16.0,epoch_time_s,5,0.3530807745992206,0.13248216413151734,fno
future_sparsity,16.0,train_loss,5,0.005674642965038806,0.002149461665123309,fno
future_sparsity,16.0,val_loss,5,0.0055401876818146805,0.0013421268306982193,fno
metric_type,1.0,epoch_time_s,5,1.0877522111928557,0.4850287572443809,fno
metric_type,1.0,train_loss,5,1.0999130733460065,0.0010527181713965925,fno
metric_type,1.0,val_loss,5,1.0942942436932612,0.001930028066584999,fno
metric_type,2.0,epoch_time_s,5,0.3018597245973069,0.06319815631706216,fno
metric_type,2.0,train_loss,5,1.0848228767146104,0.01147557089448942,fno
metric_type,2.0,val_loss,5,1.086419917605033,0.033816828278866694,fno
metric_type,3.0,epoch_time_s,5,0.3088720245868899,0.07366792048065716,fno
metric_type,3.0,train_loss,5,1.069859139753929,0.026618085317148196,fno
metric_type,3.0,val_loss,5,1.1083404965055592,0.09741059140722894,fno
metric_type,4.0,epoch_time_s,5,0.29994558240287006,0.06321053903162668,fno
metric_type,4.0,train_loss,5,1.0465396045135635,0.015395009689166779,fno
metric_type,4.0,val_loss,5,1.1133216860276254,0.10506351786182123,fno
metric_type,5.0,epoch_time_s,5,0.3255586478102487,0.09593293243673817,fno
metric_type,5.0,train_loss,5,1.0369823087787422,0.013791101598838373,fno
metric_type,5.0,val_loss,5,1.1409922735967348,0.13803006698149284,fno
metric_type,6.0,epoch_time_s,5,0.32299986300058664,0.09097127259718647,fno
metric_type,6.0,train_loss,5,1.0292238430856415,0.013066697761785083,fno
metric_type,6.0,val_loss,5,1.1596755860906676,0.1834865242952153,fno
metric_type,7.0,epoch_time_s,5,0.3020884494064376,0.06409769233702868,fno
metric_type,7.0,train_loss,5,1.0208773282879116,0.010969089634105192,fno
metric_type,7.0,val_loss,5,1.1966328670707695,0.24486626029666633,fno
metric_type,8.0,epoch_time_s,5,0.3016446608060505,0.06300885223344821,fno
metric_type,8.0,train_loss,5,1.0126229682587695,0.008509843266988887,fno
metric_type,8.0,val_loss,5,1.2281292088243412,0.2908233166769355,fno
metric_type,9.0,epoch_time_s,5,0.3028573423973285,0.06645073895281656,fno
metric_type,9.0,train_loss,5,1.0038179528336588,0.006143620906326104,fno
metric_type,9.0,val_loss,5,1.2333108497325318,0.30038720202920016,fno
metric_type,10.0,epoch_time_s,5,0.318847406207351,0.08490045920313329,fno
metric_type,10.0,train_loss,5,0.9943666313431704,0.007082163190085735,fno
metric_type,10.0,val_loss,5,1.2449136074088822,0.3059830457514956,fno
metric_type,11.0,epoch_time_s,5,0.3184876843937673,0.08255110647274747,fno
metric_type,11.0,train_loss,5,0.9842797971643981,0.0092508471861715,fno
metric_type,11.0,val_loss,5,1.2780718718252748,0.333340083394301,fno
metric_type,12.0,epoch_time_s,5,0.3123297122016083,0.06671647291804696,fno
metric_type,12.0,train_loss,5,0.9704955299816763,0.011277914931479007,fno
metric_type,12.0,val_loss,5,1.3098314892777483,0.3689154512334293,fno
metric_type,13.0,epoch_time_s,5,0.3181697776017245,0.08418008369511486,fno
metric_type,13.0,train_loss,5,0.9616916460928726,0.015734430979915146,fno
metric_type,13.0,val_loss,5,1.3869360782385955,0.4573670295758627,fno
metric_type,14.0,epoch_time_s,5,0.308730401203502,0.07148498938554942,fno
metric_type,14.0,train_loss,5,0.9520148957449106,0.019826773769776398,fno
metric_type,14.0,val_loss,5,1.4312670856016534,0.5159198355272019,fno
metric_type,15.0,epoch_time_s,5,0.314381063595647,0.07753355550519785,fno
metric_type,15.0,train_loss,5,0.9393416266051379,0.018565557393108435,fno
metric_type,15.0,val_loss,5,1.4675321110625121,0.5684967679349116,fno
metric_type,16.0,epoch_time_s,5,0.30906569259241223,0.07095579512491054,fno
metric_type,16.0,train_loss,5,0.9298631551661336,0.022036974302234676,fno
metric_type,16.0,val_loss,5,1.4927196457455811,0.5357757117510021,fno
shift_risk,1.0,epoch_time_s,5,0.31362757400493135,0.06653466137123541,fno
shift_risk,1.0,train_loss,5,9989795697.638248,1978515418.7197175,fno
shift_risk,1.0,val_loss,5,9338439759.796463,4544319388.965719,fno
shift_risk,2.0,epoch_time_s,5,0.31247017820132894,0.0664235552449472,fno
shift_risk,2.0,train_loss,5,9701748321.43677,1922121736.8336844,fno
shift_risk,2.0,val_loss,5,9329345353.594809,4546064515.009796,fno
shift_risk,3.0,epoch_time_s,5,0.3139040887937881,0.06743725926654091,fno
shift_risk,3.0,train_loss,5,9634793876.703423,1940692740.0475943,fno
shift_risk,3.0,val_loss,5,9232518635.361515,4544382280.86046,fno
shift_risk,4.0,epoch_time_s,5,0.3137416519981343,0.06723007122944145,fno
shift_risk,4.0,train_loss,5,9503684769.456406,1923095644.7626982,fno
shift_risk,4.0,val_loss,5,9120688944.57072,4471150924.169041,fno
shift_risk,5.0,epoch_time_s,5,0.3134102602023631,0.06803781603287191,fno
shift_risk,5.0,train_loss,5,9426536759.010668,1893658230.5938027,fno
shift_risk,5.0,val_loss,5,9103577308.950169,4464214713.837474,fno
shift_risk,6.0,epoch_time_s,5,0.3350000220059883,0.0985380289878426,fno
shift_risk,6.0,train_loss,5,9342043385.376293,1891012668.9821036,fno
shift_risk,6.0,val_loss,5,9104770377.111835,4467539391.333428,fno
shift_risk,7.0,epoch_time_s,5,0.3078364928020164,0.05722331030706878,fno
shift_risk,7.0,train_loss,5,9325545990.317383,1888217643.9069495,fno
shift_risk,7.0,val_loss,5,9106384765.777557,4465392291.12453,fno
shift_risk,8.0,epoch_time_s,5,0.3074820767971687,0.054748161305218486,fno
shift_risk,8.0,train_loss,5,9319256358.750584,1889837541.5201824,fno
shift_risk,8.0,val_loss,5,9105039502.764248,4468880926.14759,fno
shift_risk,9.0,epoch_time_s,5,0.3054624736076221,0.05750916080157154,fno
shift_risk,9.0,train_loss,5,9397893408.31502,1914436398.9727204,fno
shift_risk,9.0,val_loss,5,9106532507.603687,4468610293.895098,fno
shift_risk,10.0,epoch_time_s,5,0.3047113829932641,0.05834363387512824,fno
shift_risk,10.0,train_loss,5,9310511641.103758,1879369850.8526654,fno
shift_risk,10.0,val_loss,5,9115894323.179817,4466438267.452035,fno
shift_risk,11.0,epoch_time_s,5,0.30603719579521566,0.059406962171898774,fno
shift_risk,11.0,train_loss,5,9349262238.054892,1910989678.312038,fno
shift_risk,11.0,val_loss,5,9120480375.20782,4468622405.064512,fno
shift_risk,12.0,epoch_time_s,5,0.3713968537980691,0.16995139015688032,fno
shift_risk,12.0,train_loss,5,9285068630.055801,1889316500.3380537,fno
shift_risk,12.0,val_loss,5,9125572605.763363,4464440786.245725,fno
shift_risk,13.0,epoch_time_s,5,0.30467641760478725,0.05699194874331415,fno
shift_risk,13.0,train_loss,5,9271932159.700579,1882702464.2240348,fno
shift_risk,13.0,val_loss,5,9133939130.537968,4468961951.028654,fno
shift_risk,14.0,epoch_time_s,5,0.3126573866000399,0.06656628700769611,fno
shift_risk,14.0,train_loss,5,9314959125.205296,1846834231.2807791,fno
shift_risk,14.0,val_loss,5,9136730286.180767,4466848628.877313,fno
shift_risk,15.0,epoch_time_s,5,0.3418530107999686,0.11579397857246021,fno
shift_risk,15.0,train_loss,5,9267385191.143398,1882751003.2328398,fno
shift_risk,15.0,val_loss,5,9139123168.346966,4470987689.1423645,fno
shift_risk,16.0,epoch_time_s,5,0.32873892879579214,0.09227440056648008,fno
shift_risk,16.0,train_loss,5,9247964531.5937,1880179061.0838602,fno
shift_risk,16.0,val_loss,5,9151541987.315584,4470351099.771244,fno
